d4f878e8-35ad-11ee-93c6-48e7da28d79e.jpg,['S8B BFL']
34b5b3b2-35ae-11ee-8a93-48e7da28d79e.jpg,['S8B BFL']
6b780f9c-35b3-11ee-862e-48e7da28d79e.jpg,['S8B BFL']
a249fdf3-35b3-11ee-9cbd-48e7da28d79e.jpg,['S8B BFL']
43746fc1-35b4-11ee-a64c-48e7da28d79e.jpg,['S8B BFL']
298346ac-35be-11ee-8329-48e7da28d79e.jpg,['S8B BFL']
b5641438-35d0-11ee-a77e-48e7da28d79e.jpg,['८६८']
dba85788-35d0-11ee-ad29-48e7da28d79e.jpg,['८६८']
1feae16a-35d1-11ee-a7d9-48e7da28d79e.jpg,['८६८']
03f04a09-35d2-11ee-b891-48e7da28d79e.jpg,[]
3473fd97-35d2-11ee-ab78-48e7da28d79e.jpg,['१६९0']
69d0c861-35d2-11ee-b768-48e7da28d79e.jpg,['७७७9']
4aaaba65-35d3-11ee-bd1a-48e7da28d79e.jpg,['७७७9']
7713f841-35d3-11ee-8fce-48e7da28d79e.jpg,['८६८']
ddefaf90-35d3-11ee-8702-48e7da28d79e.jpg,['८६८']
179b8615-35d5-11ee-9516-48e7da28d79e.jpg,['७७७9']
410aba5b-35d5-11ee-9352-48e7da28d79e.jpg,"['MH १२ K#', 'H१र']"
753f7a0f-35d5-11ee-9240-48e7da28d79e.jpg,"['MH १२ K#', 'H१र']"
3ab9fd29-35d6-11ee-8f3a-48e7da28d79e.jpg,['Dफ7 0१ @१ 4२९५']
b7856440-35d7-11ee-9b90-48e7da28d79e.jpg,['Dफ7 0१ @१ 4२९५']
90ba8e03-35d8-11ee-a288-48e7da28d79e.jpg,"['MH १२ K#', 'H१र']"
150ab4c8-35d9-11ee-9f19-48e7da28d79e.jpg,[]
42f9a542-35d9-11ee-8f7a-48e7da28d79e.jpg,[]
b5042824-35d9-11ee-a755-48e7da28d79e.jpg,['उत्तर प्रदेश ५० बी टी ८८३०']
3df20942-35da-11ee-82cf-48e7da28d79e.jpg,['JIIIPRAi२७']
689985ab-35da-11ee-ae1a-48e7da28d79e.jpg,['S८8 BFL']
8e41d179-35da-11ee-b0e3-48e7da28d79e.jpg,['S8B BFL']
f969a4a4-35da-11ee-b96f-48e7da28d79e.jpg,['X2C4 92W']
757dc11e-35dc-11ee-b99f-48e7da28d79e.jpg,['VErDE']
f4f32532-35e0-11ee-86fc-48e7da28d79e.jpg,"['Wun Californina', 'NITFURE]']"
3e3ca63c-35e3-11ee-9913-48e7da28d79e.jpg,"['Wun Californina', 'NITFURE]']"
19a0b145-35e4-11ee-bc8b-48e7da28d79e.jpg,"['Wun Californina', 'NITFURE]']"
b0641070-35ee-11ee-bcb4-48e7da28d79e.jpg,"['Wun Californina', 'NITFURE]']"
6140733e-35f0-11ee-8280-48e7da28d79e.jpg,['उत्तर प्रदेश ५० बी टी ८८३०']
fb4562dc-35f5-11ee-bd82-48e7da28d79e.jpg,"['JणN CILUORDD', 'TITFUE']"
54fa05a4-368d-11ee-ae35-48e7da28d79e.jpg,[]
7bb5b603-368d-11ee-a571-48e7da28d79e.jpg,[]
a02baf34-36a1-11ee-ba20-48e7da28d79e.jpg,['M1H.02.FB.2727']
e31dc218-36a1-11ee-b860-48e7da28d79e.jpg,['MH 0२ BL ४५४5.']
0ca06db8-36a2-11ee-9db3-48e7da28d79e.jpg,['MH 02 BL 4545 |']
486e286e-36a2-11ee-84f8-48e7da28d79e.jpg,['MH.02.EZ.1212']
a73fed69-36a2-11ee-83e9-48e7da28d79e.jpg,['MH 04.FP 999']
0c5f32c7-36a3-11ee-9622-48e7da28d79e.jpg,['HHO2BY2727']
