eb5fd3c8-3462-11ee-8869-48e7da28d79e.jpg,[]
eef1eff2-3462-11ee-8765-48e7da28d79e.jpg,[]
f2ef7aff-3462-11ee-82e3-48e7da28d79e.jpg,[]
39d8b4ae-3468-11ee-8e8b-48e7da28d79e.jpg,[]
4640d55d-3468-11ee-8614-48e7da28d79e.jpg,[]
4506df07-346d-11ee-bacd-48e7da28d79e.jpg,"['Ka19', 'EQ 1316']"
4803c992-346d-11ee-8004-48e7da28d79e.jpg,"['KA T2', 'Eo 131â‚¬']"
4a91a581-346d-11ee-b23f-48e7da28d79e.jpg,"['KATE', 'Eq131']"
4d50878a-346d-11ee-91e2-48e7da28d79e.jpg,"['KA1=', 'E0 131']"
502a91df-346d-11ee-9a8a-48e7da28d79e.jpg,"['KA 1', 'EL 13_']"
52b32a51-346d-11ee-8029-48e7da28d79e.jpg,"['KA 1', 'EQ 13']"
55562d84-346d-11ee-a655-48e7da28d79e.jpg,"['KA1', 'EQ13']"
58133f63-346d-11ee-9402-48e7da28d79e.jpg,"['KA19', 'EG 131']"
5ad5d06a-346d-11ee-bada-48e7da28d79e.jpg,"['KA1', 'EQ 131']"
5d9498ce-346d-11ee-b9c6-48e7da28d79e.jpg,"['KA 1', 'EQ 131']"
6018354a-346d-11ee-b001-48e7da28d79e.jpg,"['KA 1', 'EC 131']"
629b1f8d-346d-11ee-96c6-48e7da28d79e.jpg,"['KA 1', 'EC 13']"
65227a69-346d-11ee-9335-48e7da28d79e.jpg,"['KATE', 'EC13']"
67c0b160-346d-11ee-b64d-48e7da28d79e.jpg,"['Khe', 'E413']"
6a456efe-346d-11ee-ae45-48e7da28d79e.jpg,"['KMe', 'Eq13']"
6ccb98fc-346d-11ee-a1cd-48e7da28d79e.jpg,"['KA 1', 'E413']"
473de065-347b-11ee-94ad-48e7da28d79e.jpg,"['Eq 131', 'KAT9']"
4bb25bf5-347b-11ee-9069-48e7da28d79e.jpg,"['KA1', 'EQ131']"
4ed8367f-347b-11ee-82ac-48e7da28d79e.jpg,"['KAS', 'Eq 13']"
519a4a0c-347b-11ee-8c3f-48e7da28d79e.jpg,"['Ka19', 'Eq 1316']"
5408c9f9-347b-11ee-8399-48e7da28d79e.jpg,"['KAT9', 'Eq 1316']"
568ad893-347b-11ee-934b-48e7da28d79e.jpg,"['KAT9', 'EQ 1316']"
59097c67-347b-11ee-ab61-48e7da28d79e.jpg,"['KAT9', 'Eq 1316']"
5b746b92-347b-11ee-a418-48e7da28d79e.jpg,"['KA 19', 'Eq 1316']"
5ddfa6c4-347b-11ee-bb2f-48e7da28d79e.jpg,"['KAT9', 'Eq 1316']"
60442708-347b-11ee-9886-48e7da28d79e.jpg,"['KAT9', 'EQ 1316']"
62c17a4f-347b-11ee-9b7f-48e7da28d79e.jpg,"['KA19', 'Eq1316']"
6554d266-347b-11ee-a0da-48e7da28d79e.jpg,"['KA 18', 'Eq1316']"
681f23b3-347b-11ee-9fe9-48e7da28d79e.jpg,"['KA19', 'Eo 1316']"
8d2cd6a5-347b-11ee-ace7-48e7da28d79e.jpg,[]
fa6cb74e-3480-11ee-bb29-48e7da28d79e.jpg,"['KA 19', 'EQ 1316']"
feba251f-3480-11ee-b053-48e7da28d79e.jpg,"['KA9', 'Eo 1316']"
01550cf5-3481-11ee-90c0-48e7da28d79e.jpg,"['KA 19', 'Eo 1316']"
03dd9697-3481-11ee-8ecd-48e7da28d79e.jpg,"['KA 19', 'E4 1316']"
066df15f-3481-11ee-bbee-48e7da28d79e.jpg,"['KA 19', '1316']"
08d59af0-3481-11ee-aef4-48e7da28d79e.jpg,"['E0', 'KA 19', '1316']"
0b7f722c-3481-11ee-9384-48e7da28d79e.jpg,"['E0', 'KA 19', '1316']"
0e1ab805-3481-11ee-b42e-48e7da28d79e.jpg,"['KA 19', '1316']"
10ad4bc3-3481-11ee-a049-48e7da28d79e.jpg,"['KA19', '1316']"
135e2ba9-3481-11ee-a692-48e7da28d79e.jpg,"['KA19', '1316']"
15fe2536-3481-11ee-8e01-48e7da28d79e.jpg,"['KA19_', 'EL1316']"
1883efa0-3481-11ee-b6d3-48e7da28d79e.jpg,"['KAT9', 'EQ1316']"
1b2d6f16-3481-11ee-ba95-48e7da28d79e.jpg,"['Ka9', 'Eq 131']"
1da55f0b-3481-11ee-94f8-48e7da28d79e.jpg,"['Eq131', 'KA19']"
20300425-3481-11ee-930c-48e7da28d79e.jpg,"['KA19', '131']"
22a42873-3481-11ee-9c5e-48e7da28d79e.jpg,"['KA19', '131']"
250d60f6-3481-11ee-82d7-48e7da28d79e.jpg,"['Ka', 'E9 Ij6']"
276ee62e-3481-11ee-b0ee-48e7da28d79e.jpg,['Eq 131e']
29d51b12-3481-11ee-a523-48e7da28d79e.jpg,"['KA 19', 'Eq13 1']"
2c3a14d6-3481-11ee-834d-48e7da28d79e.jpg,"['KA19', 'EQ 131']"
2fd1c626-3481-11ee-a843-48e7da28d79e.jpg,['1316']
32563c4a-3481-11ee-97eb-48e7da28d79e.jpg,"['Ka 19', '1316']"
35f1d79c-3481-11ee-9b94-48e7da28d79e.jpg,"['EO', 'KA19', '1316']"
3859feac-3481-11ee-8229-48e7da28d79e.jpg,"['Ka 19', 'Eq_131']"
3acf608d-3481-11ee-a8cf-48e7da28d79e.jpg,"['KA 8 $', 'Eq 431']"
3d282ef0-3481-11ee-8907-48e7da28d79e.jpg,"[""0 4 '| &"", 'EQ 13 1']"
3f9897be-3481-11ee-a7ff-48e7da28d79e.jpg,"['KA | &', 'Eq1IL']"
41ff06a8-3481-11ee-9627-48e7da28d79e.jpg,"['KATS', 'EQ 131']"
44852e2d-3481-11ee-b9ae-48e7da28d79e.jpg,"['KA #5', 'Eq 131']"
46e795e5-3481-11ee-9b7b-48e7da28d79e.jpg,"['KA19', 'E0 131']"
4940828e-3481-11ee-a3d9-48e7da28d79e.jpg,"['K9', 'EQ 131']"
4ba0dc9b-3481-11ee-b27e-48e7da28d79e.jpg,"['KAT9', 'Eq 131']"
4e13b1e4-3481-11ee-b787-48e7da28d79e.jpg,"['KA19', 'EQ 1316']"
51a98b65-3481-11ee-a3d9-48e7da28d79e.jpg,"['KaT9', '6 1316-']"
54103f9e-3481-11ee-af05-48e7da28d79e.jpg,"['K019', '1316']"
5677489f-3481-11ee-b438-48e7da28d79e.jpg,"['KAS', 'EO', '1316']"
cc7434e9-3481-11ee-b64b-48e7da28d79e.jpg,[]
